year,Treatment,paintmark,TRTmin,Species,sex,SVL,TL,RTL,RemTL,RemMass,propRemTL,Treatment2,Treatment3,TRTminLog,Video File Name,Video T/S,Additional Video T/S
2007,1.0,wI1b,0.17,sj,F,76.0,105.0,0,0.0,0.0,0.0,Intact,Intact,-1.7719568419318752,,,
2007,2.0,yA6b,0.36,sj,M,88.0,120.0,0,60.0,,0.5,50%,>=50%,-1.0216512475319814,,,
2011,3.0,y21b,0.24,sj,F,78.0,103.0,0,27.0,0.0346,0.2621359223300971,25%,25%,-1.4271163556401458,,,
2011,4.0,y13b,0.29,sj,M,76.0,102.0,0,82.0,0.5915,0.8039215686274509,75%,>=50%,-1.2378743560016174,,,
2015,3.0,o10b,0.43,sj,M,68.0,90.0,0,25.0,,0.2777777777777778,25%,25%,-0.8439700702945291,MOV01C/D,,
2015,3.0,o13b+t,0.4,sj,M,68.0,93.0,0,73.0,10.3,0.7849462365591398,75%,>=50%,-0.916290731874155,MOV020,,
2016,4.0,w4b,0.46,sj,M,69.0,93.0,0,26.0,0.037000000000000005,0.27956989247311825,25%,25%,-0.7765287894989963,,DSC_2653/20150710_062528,
2016,3.0,w11b,0.34,sj,M,92.0,129.0,0,100.0,1.25,0.7751937984496124,75%,>=50%,-1.0788096613719298,,DSC_2663/20150711_091648,
